,number,value,datetime_start,datetime_complete,duration,params_alpha_actor,params_alpha_critic,state
0,0,2.7031851396711035,2024-09-29 01:48:38.692951,2024-09-29 01:48:41.799548,0 days 00:00:03.106597,0.26478361641097153,0.541068587715524,COMPLETE
1,1,2.680878993247266,2024-09-29 01:48:41.800461,2024-09-29 01:48:45.333480,0 days 00:00:03.533019,0.15029122629285344,0.8460301305701706,COMPLETE
2,2,2.5329223331943305,2024-09-29 01:48:45.334453,2024-09-29 01:48:48.423071,0 days 00:00:03.088618,0.4880705463795225,0.292540113304887,COMPLETE
3,3,2.8989919560945028,2024-09-29 01:48:48.423985,2024-09-29 01:48:50.888434,0 days 00:00:02.464449,0.8193144305994512,0.950191220737934,COMPLETE
4,4,2.8321627673879344,2024-09-29 01:48:50.889564,2024-09-29 01:48:53.819712,0 days 00:00:02.930148,0.30661207876995406,0.919025877871304,COMPLETE
5,5,2.6915200855120784,2024-09-29 01:48:53.820729,2024-09-29 01:48:57.115973,0 days 00:00:03.295244,0.18901462016695145,0.7387968544846307,COMPLETE
6,6,2.8374745133998855,2024-09-29 01:48:57.116922,2024-09-29 01:48:59.610728,0 days 00:00:02.493806,0.6661350454189814,0.6439897464312969,COMPLETE
7,7,2.6572821024197273,2024-09-29 01:48:59.611647,2024-09-29 01:49:03.358748,0 days 00:00:03.747101,0.1253486041296282,0.9775911166049791,COMPLETE
8,8,2.747797698760882,2024-09-29 01:49:03.359629,2024-09-29 01:49:06.055272,0 days 00:00:02.695643,0.6808849934539365,0.45278235299473873,COMPLETE
9,9,2.3530776808292733,2024-09-29 01:49:06.056211,2024-09-29 01:49:10.513612,0 days 00:00:04.457401,0.07738056853223975,0.5514642670092216,COMPLETE
10,10,1.4591923688714157,2024-09-29 01:49:10.514603,2024-09-29 01:49:15.124942,0 days 00:00:04.610339,0.9745539987126863,0.05753683370441759,COMPLETE
11,11,2.868753096600199,2024-09-29 01:49:15.125906,2024-09-29 01:49:17.620180,0 days 00:00:02.494274,0.8057016835564981,0.7008810366223617,COMPLETE
12,12,2.8833476117492602,2024-09-29 01:49:17.621074,2024-09-29 01:49:20.059289,0 days 00:00:02.438215,0.9005238145660135,0.7797542183589545,COMPLETE
13,13,2.8911245469332405,2024-09-29 01:49:20.060430,2024-09-29 01:49:22.578674,0 days 00:00:02.518244,0.97789851366708,0.8254872232912794,COMPLETE
14,14,2.887406939542167,2024-09-29 01:49:22.579578,2024-09-29 01:49:25.282799,0 days 00:00:02.703221,0.7840400394359741,0.978727463595895,COMPLETE
15,15,2.904223542627764,2024-09-29 01:49:25.283725,2024-09-29 01:49:27.717432,0 days 00:00:02.433707,0.9921443318177365,0.8630584020835506,COMPLETE
16,16,2.2956019613794707,2024-09-29 01:49:27.718369,2024-09-29 01:49:31.126366,0 days 00:00:03.407997,0.5289342788345522,0.19354543810376612,COMPLETE
17,17,2.726260939440539,2024-09-29 01:49:31.127306,2024-09-29 01:49:33.771110,0 days 00:00:02.643804,0.8577140617320776,0.42772369838996693,COMPLETE
18,18,2.8986852526332516,2024-09-29 01:49:33.771977,2024-09-29 01:49:36.314392,0 days 00:00:02.542415,0.6899212066292744,0.8749841008206188,COMPLETE
19,19,2.803587537866453,2024-09-29 01:49:36.315371,2024-09-29 01:49:39.075087,0 days 00:00:02.759716,0.4669200039521988,0.6324886025201369,COMPLETE
20,20,2.839687728545354,2024-09-29 01:49:39.076000,2024-09-29 01:49:42.027958,0 days 00:00:02.951958,0.9976872838808352,0.9995551559610074,COMPLETE
21,21,2.8765881655664898,2024-09-29 01:49:42.028813,2024-09-29 01:49:44.589895,0 days 00:00:02.561082,0.6945690155432186,0.8663888590677066,COMPLETE
22,22,2.8999986126966046,2024-09-29 01:49:44.590803,2024-09-29 01:49:47.111051,0 days 00:00:02.520248,0.6015381161503309,0.8866536646492187,COMPLETE
23,23,2.862085157031759,2024-09-29 01:49:47.111984,2024-09-29 01:49:49.740042,0 days 00:00:02.628058,0.5969470182429201,0.749767137019876,COMPLETE
24,24,2.8901642190551353,2024-09-29 01:49:49.740979,2024-09-29 01:49:52.298792,0 days 00:00:02.557813,0.8872110532701044,0.9046433696057128,COMPLETE
25,25,2.808006443205626,2024-09-29 01:49:52.299787,2024-09-29 01:49:55.081086,0 days 00:00:02.781299,0.3969511958119572,0.6565505012485334,COMPLETE
26,26,2.9031482856096194,2024-09-29 01:49:55.082091,2024-09-29 01:49:57.548430,0 days 00:00:02.466339,0.775217710160095,0.9148443613377758,COMPLETE
27,27,2.8849245271528194,2024-09-29 01:49:57.549322,2024-09-29 01:50:00.036178,0 days 00:00:02.486856,0.7612190833800799,0.7939829675278718,COMPLETE
28,28,2.669203658393937,2024-09-29 01:50:00.037226,2024-09-29 01:50:02.978883,0 days 00:00:02.941657,0.5982739797835498,0.3736284020718957,COMPLETE
29,29,2.7888999099089498,2024-09-29 01:50:02.979782,2024-09-29 01:50:05.699854,0 days 00:00:02.720072,0.5918853392332875,0.5389190322440968,COMPLETE
30,30,2.848080399320918,2024-09-29 01:50:05.701060,2024-09-29 01:50:08.205147,0 days 00:00:02.504087,0.9153834730042538,0.5848623272382534,COMPLETE
31,31,2.8909166613410195,2024-09-29 01:50:08.206048,2024-09-29 01:50:10.715332,0 days 00:00:02.509284,0.8339170303492343,0.9253635877932438,COMPLETE
32,32,2.894124816298882,2024-09-29 01:50:10.716420,2024-09-29 01:50:13.300184,0 days 00:00:02.583764,0.7346742640115592,0.8261919911363094,COMPLETE
33,33,2.899612167149774,2024-09-29 01:50:13.301088,2024-09-29 01:50:15.943833,0 days 00:00:02.642745,0.8271999720687677,0.9134350650634839,COMPLETE
34,34,2.905394178979651,2024-09-29 01:50:15.944734,2024-09-29 01:50:18.377028,0 days 00:00:02.432294,0.932423569434462,0.8632339835550822,COMPLETE
35,35,2.8848570353611818,2024-09-29 01:50:18.377870,2024-09-29 01:50:20.879298,0 days 00:00:02.501428,0.9460180060645125,0.7172129438435579,COMPLETE
36,36,2.8963357586130565,2024-09-29 01:50:20.880296,2024-09-29 01:50:23.335602,0 days 00:00:02.455306,0.9220062522082162,0.8091412550468816,COMPLETE
37,37,2.842603492283054,2024-09-29 01:50:23.336685,2024-09-29 01:50:26.267951,0 days 00:00:02.931266,0.33337117430895297,0.85365131748189,COMPLETE
38,38,2.87814327126716,2024-09-29 01:50:26.268936,2024-09-29 01:50:28.976201,0 days 00:00:02.707265,0.7414245817118645,0.9432861788121354,COMPLETE
39,39,2.8964833584030436,2024-09-29 01:50:28.977177,2024-09-29 01:50:31.456121,0 days 00:00:02.478944,0.6412312108512082,0.8932285639263302,COMPLETE
40,40,2.8300772192135657,2024-09-29 01:50:31.457071,2024-09-29 01:50:34.106555,0 days 00:00:02.649484,0.518530154271781,0.6878643307852763,COMPLETE
41,41,2.901041137137901,2024-09-29 01:50:34.107491,2024-09-29 01:50:36.624251,0 days 00:00:02.516760,0.8580372441232978,0.9390326929059426,COMPLETE
42,42,2.8950103400733584,2024-09-29 01:50:36.625176,2024-09-29 01:50:39.037926,0 days 00:00:02.412750,0.9425329089623361,0.7734472781703415,COMPLETE
43,43,2.9036788913470253,2024-09-29 01:50:39.038850,2024-09-29 01:50:41.544734,0 days 00:00:02.505884,0.8698743166591256,0.9395234061584709,COMPLETE
44,44,2.8648053114849565,2024-09-29 01:50:41.545666,2024-09-29 01:50:44.223663,0 days 00:00:02.677997,0.8743772927176705,0.9587611135245583,COMPLETE
45,45,2.8220250871806285,2024-09-29 01:50:44.224781,2024-09-29 01:50:47.213829,0 days 00:00:02.989048,0.9961436151666666,0.9934684790181062,COMPLETE
46,46,2.890932976360423,2024-09-29 01:50:47.214944,2024-09-29 01:50:49.588509,0 days 00:00:02.373565,0.8613605626360229,0.8380273466309953,COMPLETE
47,47,2.8976903263111495,2024-09-29 01:50:49.589460,2024-09-29 01:50:52.167983,0 days 00:00:02.578523,0.785067940269619,0.9406365117435656,COMPLETE
48,48,0.7776807496106729,2024-09-29 01:50:52.168984,2024-09-29 01:50:57.799888,0 days 00:00:05.630904,0.9370245760484933,0.02131193897107858,COMPLETE
49,49,2.8836527111731627,2024-09-29 01:50:57.800861,2024-09-29 01:51:00.283345,0 days 00:00:02.482484,0.8234565754838286,0.7453451795217221,COMPLETE
50,50,2.539085889956829,2024-09-29 01:51:00.284216,2024-09-29 01:51:03.155698,0 days 00:00:02.871482,0.8681684713631044,0.28048741306116276,COMPLETE
51,51,2.895313913288037,2024-09-29 01:51:03.156732,2024-09-29 01:51:05.524937,0 days 00:00:02.368205,0.9026961078330871,0.8815241714666529,COMPLETE
52,52,2.861951074468946,2024-09-29 01:51:05.525983,2024-09-29 01:51:08.212209,0 days 00:00:02.686226,0.9530403848154261,0.9550532549079038,COMPLETE
53,53,2.8887635471303694,2024-09-29 01:51:08.213216,2024-09-29 01:51:10.738654,0 days 00:00:02.525438,0.7227487275544162,0.8543284178476215,COMPLETE
54,54,2.902371577303138,2024-09-29 01:51:10.739887,2024-09-29 01:51:13.247087,0 days 00:00:02.507200,0.7806632834945795,0.903994101259314,COMPLETE
55,55,2.8822938095301387,2024-09-29 01:51:13.248068,2024-09-29 01:51:15.900779,0 days 00:00:02.652711,0.78568925883132,0.9957433770512006,COMPLETE
56,56,2.8843583038213305,2024-09-29 01:51:15.901700,2024-09-29 01:51:18.336460,0 days 00:00:02.434760,0.8213878652065548,0.7959147146860917,COMPLETE
57,57,2.7795094413365997,2024-09-29 01:51:18.337809,2024-09-29 01:51:21.935467,0 days 00:00:03.597658,0.22997840987895435,0.9291931319137984,COMPLETE
58,58,2.0297469227485663,2024-09-29 01:51:21.936901,2024-09-29 01:51:25.589210,0 days 00:00:03.652309,0.967314122767013,0.12468534511398494,COMPLETE
59,59,2.9141173517035397,2024-09-29 01:51:25.590120,2024-09-29 01:51:28.042280,0 days 00:00:02.452160,0.892255074619706,0.9061510028324744,COMPLETE
60,60,1.9672349324124496,2024-09-29 01:51:28.043302,2024-09-29 01:51:33.897995,0 days 00:00:05.854693,0.024711168742742984,0.7707144586117487,COMPLETE
61,61,2.893874837350757,2024-09-29 01:51:33.899051,2024-09-29 01:51:36.496125,0 days 00:00:02.597074,0.903249228394679,0.9646012493509809,COMPLETE
62,62,2.908384699266345,2024-09-29 01:51:36.497226,2024-09-29 01:51:39.014081,0 days 00:00:02.516855,0.8588590194105417,0.908462222079635,COMPLETE
63,63,2.9088939474736946,2024-09-29 01:51:39.014986,2024-09-29 01:51:41.444983,0 days 00:00:02.429997,0.7868508605270175,0.8833674741875188,COMPLETE
64,64,2.9068625577623304,2024-09-29 01:51:41.445836,2024-09-29 01:51:43.786747,0 days 00:00:02.340911,0.9761935514835507,0.8302732543715178,COMPLETE
65,65,2.8944225163072774,2024-09-29 01:51:43.787619,2024-09-29 01:51:46.236371,0 days 00:00:02.448752,0.9964211205612177,0.82904193396674,COMPLETE
66,66,2.906782978368594,2024-09-29 01:51:46.237249,2024-09-29 01:51:48.599426,0 days 00:00:02.362177,0.9009063157931908,0.8719069722723105,COMPLETE
67,67,2.9008180563477257,2024-09-29 01:51:48.600347,2024-09-29 01:51:50.982657,0 days 00:00:02.382310,0.9662895766805983,0.8475902682176109,COMPLETE
68,68,2.8733413333842557,2024-09-29 01:51:50.983601,2024-09-29 01:51:53.410986,0 days 00:00:02.427385,0.9069873981402312,0.7272949091013374,COMPLETE
69,69,2.916861519962526,2024-09-29 01:51:53.411959,2024-09-29 01:51:55.789244,0 days 00:00:02.377285,0.9336152602355641,0.872894179427056,COMPLETE
70,70,2.8959276883203264,2024-09-29 01:51:55.790417,2024-09-29 01:51:58.158809,0 days 00:00:02.368392,0.8396728865768501,0.8105015917269035,COMPLETE
71,71,2.896094010052473,2024-09-29 01:51:58.159724,2024-09-29 01:52:00.630170,0 days 00:00:02.470446,0.9337724166425863,0.8639940740345414,COMPLETE
72,72,2.9113946900493004,2024-09-29 01:52:00.631255,2024-09-29 01:52:02.986304,0 days 00:00:02.355049,0.9768871114297467,0.8854659357898641,COMPLETE
73,73,2.887460149581315,2024-09-29 01:52:02.987222,2024-09-29 01:52:05.543449,0 days 00:00:02.556227,0.8983295478200927,0.8856564495417107,COMPLETE
74,74,2.895798213754093,2024-09-29 01:52:05.544552,2024-09-29 01:52:07.955998,0 days 00:00:02.411446,0.9696972702513339,0.7717632472522971,COMPLETE
75,75,2.900267217033529,2024-09-29 01:52:07.957031,2024-09-29 01:52:10.466700,0 days 00:00:02.509669,0.9253029108960734,0.8961049816902806,COMPLETE
76,76,2.770599767015718,2024-09-29 01:52:10.467609,2024-09-29 01:52:13.106128,0 days 00:00:02.638519,0.8045231958688712,0.4798936338496992,COMPLETE
77,77,2.8959656566023577,2024-09-29 01:52:13.107074,2024-09-29 01:52:15.455604,0 days 00:00:02.348530,0.8865993033413795,0.8179027897900847,COMPLETE
78,78,2.8787250167212237,2024-09-29 01:52:15.456606,2024-09-29 01:52:17.866801,0 days 00:00:02.410195,0.9664541861620393,0.6926571013586038,COMPLETE
79,79,2.8435781746562836,2024-09-29 01:52:17.867788,2024-09-29 01:52:20.239266,0 days 00:00:02.371478,0.8432934765965263,0.6096200653124696,COMPLETE
80,80,2.831420258794616,2024-09-29 01:52:20.240180,2024-09-29 01:52:23.019319,0 days 00:00:02.779139,0.9998911224961847,0.9730741591887173,COMPLETE
81,81,2.885393785790968,2024-09-29 01:52:23.020391,2024-09-29 01:52:25.473261,0 days 00:00:02.452870,0.9368478434434511,0.8704336192341651,COMPLETE
82,82,2.8978706374583054,2024-09-29 01:52:25.474286,2024-09-29 01:52:27.946298,0 days 00:00:02.472012,0.9211421962155067,0.9041833859901013,COMPLETE
83,83,2.9118629452317584,2024-09-29 01:52:27.947325,2024-09-29 01:52:30.338944,0 days 00:00:02.391619,0.9779951317989873,0.8437256234892192,COMPLETE
84,84,2.9001869163358243,2024-09-29 01:52:30.339837,2024-09-29 01:52:32.758355,0 days 00:00:02.418518,0.8844354066121421,0.829353470051499,COMPLETE
85,85,2.8934202784427203,2024-09-29 01:52:32.759513,2024-09-29 01:52:35.227581,0 days 00:00:02.468068,0.9759233887993131,0.7907828467842014,COMPLETE
86,86,2.898055585405365,2024-09-29 01:52:35.228487,2024-09-29 01:52:37.691604,0 days 00:00:02.463117,0.9488859413743066,0.9144623790529156,COMPLETE
87,87,2.848074385562562,2024-09-29 01:52:37.692503,2024-09-29 01:52:40.437617,0 days 00:00:02.745114,0.4104978609501894,0.8552863474270074,COMPLETE
88,88,2.899724419135355,2024-09-29 01:52:40.438566,2024-09-29 01:52:42.930659,0 days 00:00:02.492093,0.8531171288365724,0.8770735710145986,COMPLETE
89,89,2.7127339342476042,2024-09-29 01:52:42.931564,2024-09-29 01:52:45.472922,0 days 00:00:02.541358,0.886759315440917,0.40623623543626297,COMPLETE
90,90,2.8814116174613775,2024-09-29 01:52:45.473917,2024-09-29 01:52:47.967499,0 days 00:00:02.493582,0.8032202657122779,0.7524035932162227,COMPLETE
91,91,2.9018695953312292,2024-09-29 01:52:47.968527,2024-09-29 01:52:50.337968,0 days 00:00:02.369441,0.9592929872524236,0.8374991667565455,COMPLETE
92,92,2.908279217227916,2024-09-29 01:52:50.338888,2024-09-29 01:52:52.709165,0 days 00:00:02.370277,0.9861568407765124,0.923227057013787,COMPLETE
93,93,2.8885484516520505,2024-09-29 01:52:52.710131,2024-09-29 01:52:55.192902,0 days 00:00:02.482771,0.9216534645144716,0.9189790070686642,COMPLETE
94,94,2.848591212361668,2024-09-29 01:52:55.194219,2024-09-29 01:52:57.904830,0 days 00:00:02.710611,0.977962148032214,0.9704571867136135,COMPLETE
95,95,2.875813447359765,2024-09-29 01:52:57.905843,2024-09-29 01:53:00.534780,0 days 00:00:02.628937,0.9868219274592667,0.9379972666759858,COMPLETE
96,96,2.9111021135439272,2024-09-29 01:53:00.535778,2024-09-29 01:53:02.914682,0 days 00:00:02.378904,0.914336794726443,0.8895919546534222,COMPLETE
97,97,2.8995137760384924,2024-09-29 01:53:02.915651,2024-09-29 01:53:05.365325,0 days 00:00:02.449674,0.9099792843682434,0.8922383770695201,COMPLETE
98,98,2.898329108229184,2024-09-29 01:53:05.366304,2024-09-29 01:53:07.841890,0 days 00:00:02.475586,0.8750148512272352,0.8103319775147659,COMPLETE
99,99,2.877857698277348,2024-09-29 01:53:07.842847,2024-09-29 01:53:10.526470,0 days 00:00:02.683623,0.9568267394106265,0.9564142075361568,COMPLETE
100,100,2.8892162954552663,2024-09-29 01:53:10.527416,2024-09-29 01:53:13.064962,0 days 00:00:02.537546,0.5572422120860318,0.9273224802304784,COMPLETE
101,101,2.9015427238428404,2024-09-29 01:53:13.065863,2024-09-29 01:53:15.419361,0 days 00:00:02.353498,0.9407877446392322,0.8489948742598847,COMPLETE
102,102,2.9016811337022497,2024-09-29 01:53:15.420316,2024-09-29 01:53:17.839239,0 days 00:00:02.418923,0.9235931685362194,0.8733307211322937,COMPLETE
103,103,2.8971771670706707,2024-09-29 01:53:17.840165,2024-09-29 01:53:20.359055,0 days 00:00:02.518890,0.8543163056622364,0.9085785876561653,COMPLETE
104,104,2.882436302721961,2024-09-29 01:53:20.359888,2024-09-29 01:53:22.993696,0 days 00:00:02.633808,0.899221469442419,0.9820373366872615,COMPLETE
105,105,2.884951960344615,2024-09-29 01:53:22.994710,2024-09-29 01:53:25.318528,0 days 00:00:02.323818,0.9810467721879571,0.7910545864065252,COMPLETE
106,106,2.9076159561552193,2024-09-29 01:53:25.319513,2024-09-29 01:53:27.681831,0 days 00:00:02.362318,0.949983056307837,0.8907235459520134,COMPLETE
107,107,2.9144310633962194,2024-09-29 01:53:27.682859,2024-09-29 01:53:30.040369,0 days 00:00:02.357510,0.9496637373210388,0.8892410860450428,COMPLETE
108,108,2.9029554749086715,2024-09-29 01:53:30.041687,2024-09-29 01:53:32.383673,0 days 00:00:02.341986,0.9993044366037066,0.8917147588845231,COMPLETE
109,109,2.8958064795348895,2024-09-29 01:53:32.384574,2024-09-29 01:53:34.917459,0 days 00:00:02.532885,0.9480969504336764,0.8389756400275247,COMPLETE
110,110,2.6667035924192755,2024-09-29 01:53:34.918375,2024-09-29 01:53:38.718300,0 days 00:00:03.799925,0.13217314151046528,0.9461841213587647,COMPLETE
111,111,2.908287775632698,2024-09-29 01:53:38.719268,2024-09-29 01:53:41.185056,0 days 00:00:02.465788,0.9510100355132932,0.8778594410990297,COMPLETE
112,112,2.895197164175491,2024-09-29 01:53:41.186093,2024-09-29 01:53:43.591989,0 days 00:00:02.405896,0.9585549190513744,0.8970930252522845,COMPLETE
113,113,2.8985108699409095,2024-09-29 01:53:43.592938,2024-09-29 01:53:46.068204,0 days 00:00:02.475266,0.9816638124042025,0.9198565640566909,COMPLETE
114,114,2.9142685375904316,2024-09-29 01:53:46.069240,2024-09-29 01:53:48.432077,0 days 00:00:02.362837,0.933040196432528,0.861012449708778,COMPLETE
115,115,2.8971161687101348,2024-09-29 01:53:48.433014,2024-09-29 01:53:50.783691,0 days 00:00:02.350677,0.9159729158754988,0.8615014125668093,COMPLETE
116,116,2.901806200250648,2024-09-29 01:53:50.784668,2024-09-29 01:53:53.375590,0 days 00:00:02.590922,0.8754256162570837,0.9269750422056683,COMPLETE
117,117,2.892486338567161,2024-09-29 01:53:53.376718,2024-09-29 01:53:55.981129,0 days 00:00:02.604411,0.9379247334682943,0.9553522891341347,COMPLETE
118,118,2.9085279702306996,2024-09-29 01:53:55.982283,2024-09-29 01:53:58.354683,0 days 00:00:02.372400,0.8379237767967042,0.885581290002618,COMPLETE
119,119,2.887283161832278,2024-09-29 01:53:58.355609,2024-09-29 01:54:00.874506,0 days 00:00:02.518897,0.7651934166121983,0.8122289218680222,COMPLETE
120,120,2.8984231087383296,2024-09-29 01:54:00.875480,2024-09-29 01:54:03.453538,0 days 00:00:02.578058,0.6497108877138611,0.9890978720064308,COMPLETE
121,121,2.8820996751682637,2024-09-29 01:54:03.454539,2024-09-29 01:54:05.899540,0 days 00:00:02.445001,0.8176666751870031,0.8783886295631759,COMPLETE
122,122,2.9076526175897754,2024-09-29 01:54:05.900431,2024-09-29 01:54:08.300426,0 days 00:00:02.399995,0.8428749477112306,0.9098479035004035,COMPLETE
123,123,2.906511019341253,2024-09-29 01:54:08.301415,2024-09-29 01:54:10.763684,0 days 00:00:02.462269,0.8394732045780496,0.90778623723532,COMPLETE
124,124,2.89892376944969,2024-09-29 01:54:10.764616,2024-09-29 01:54:13.195690,0 days 00:00:02.431074,0.7494558399787519,0.8489231766134204,COMPLETE
125,125,2.448318463434707,2024-09-29 01:54:13.196631,2024-09-29 01:54:16.237407,0 days 00:00:03.040776,0.7101006904520185,0.24764527340976117,COMPLETE
126,126,2.894559547909943,2024-09-29 01:54:16.238395,2024-09-29 01:54:18.741564,0 days 00:00:02.503169,0.8688238241915704,0.940348095604054,COMPLETE
127,127,2.8938663009797123,2024-09-29 01:54:18.742546,2024-09-29 01:54:21.185572,0 days 00:00:02.443026,0.8019054829790848,0.8689260458020659,COMPLETE
128,128,2.907519078798759,2024-09-29 01:54:21.186640,2024-09-29 01:54:23.574939,0 days 00:00:02.388299,0.8858203460458675,0.9209273608445289,COMPLETE
129,129,2.8948328076613232,2024-09-29 01:54:23.575939,2024-09-29 01:54:26.006149,0 days 00:00:02.430210,0.8347537032723898,0.8263834320278695,COMPLETE
130,130,2.86096657704194,2024-09-29 01:54:26.007125,2024-09-29 01:54:28.850200,0 days 00:00:02.843075,0.9133316762265286,0.9710498713850333,COMPLETE
131,131,2.898392362449812,2024-09-29 01:54:28.851174,2024-09-29 01:54:31.410917,0 days 00:00:02.559743,0.9553969664150663,0.8868997694881487,COMPLETE
132,132,2.892670421423379,2024-09-29 01:54:31.411917,2024-09-29 01:54:34.429361,0 days 00:00:03.017444,0.9345313420250198,0.8860952800677288,COMPLETE
133,133,2.901155200231541,2024-09-29 01:54:34.430470,2024-09-29 01:54:37.107898,0 days 00:00:02.677428,0.9006476577469561,0.8548281147944397,COMPLETE
134,134,2.8999203781182885,2024-09-29 01:54:37.109022,2024-09-29 01:54:39.747877,0 days 00:00:02.638855,0.9529435123323092,0.9085101816709668,COMPLETE
135,135,2.895605978700843,2024-09-29 01:54:39.748943,2024-09-29 01:54:42.461678,0 days 00:00:02.712735,0.8614040779718224,0.9373810546765946,COMPLETE
136,136,2.863795998358053,2024-09-29 01:54:42.462917,2024-09-29 01:54:45.170321,0 days 00:00:02.707404,0.4792965375282152,0.8937406811711599,COMPLETE
137,137,2.9080134249259686,2024-09-29 01:54:45.171459,2024-09-29 01:54:47.744125,0 days 00:00:02.572666,0.9307193756277333,0.8680874629967659,COMPLETE
138,138,2.8112587703375653,2024-09-29 01:54:47.745785,2024-09-29 01:54:50.592968,0 days 00:00:02.847183,0.8905802584099127,0.5360880230415913,COMPLETE
139,139,2.9066148497211164,2024-09-29 01:54:50.594057,2024-09-29 01:54:53.522488,0 days 00:00:02.928431,0.9243414033519861,0.8466076837559113,COMPLETE
140,140,2.90048623652649,2024-09-29 01:54:53.523761,2024-09-29 01:54:56.096240,0 days 00:00:02.572479,0.8478921181595253,0.8089360863067366,COMPLETE
141,141,2.896711050509692,2024-09-29 01:54:56.097176,2024-09-29 01:54:58.529879,0 days 00:00:02.432703,0.9746873196823475,0.8721118835673443,COMPLETE
142,142,2.9054109354573594,2024-09-29 01:54:58.531349,2024-09-29 01:55:01.012837,0 days 00:00:02.481488,0.9356502049493386,0.9083630044655608,COMPLETE
143,143,2.89785595320224,2024-09-29 01:55:01.013815,2024-09-29 01:55:03.410830,0 days 00:00:02.397015,0.9969326829907039,0.8649247141290494,COMPLETE
144,144,2.8714032727187893,2024-09-29 01:55:03.411813,2024-09-29 01:55:06.086742,0 days 00:00:02.674929,0.9633800568191289,0.9507721482573085,COMPLETE
145,145,2.8944400108484776,2024-09-29 01:55:06.087730,2024-09-29 01:55:08.646695,0 days 00:00:02.558965,0.9154229054224804,0.9252308388304346,COMPLETE
146,146,2.914837292079967,2024-09-29 01:55:08.647638,2024-09-29 01:55:11.182921,0 days 00:00:02.535283,0.8909250729466955,0.8901671760564244,COMPLETE
147,147,2.903978370394181,2024-09-29 01:55:11.184011,2024-09-29 01:55:13.878597,0 days 00:00:02.694586,0.8863662406277518,0.8351266289523934,COMPLETE
148,148,2.9059590155276727,2024-09-29 01:55:13.879757,2024-09-29 01:55:16.858068,0 days 00:00:02.978311,0.8133673424253207,0.9023983308523682,COMPLETE
149,149,2.88968526376912,2024-09-29 01:55:16.859124,2024-09-29 01:55:19.442048,0 days 00:00:02.582924,0.8682999216639049,0.8775687157021101,COMPLETE
150,150,2.8729024468117106,2024-09-29 01:55:19.443211,2024-09-29 01:55:22.145268,0 days 00:00:02.702057,0.8998663234763148,0.9289471800481034,COMPLETE
151,151,2.9040831832374447,2024-09-29 01:55:22.146416,2024-09-29 01:55:24.635203,0 days 00:00:02.488787,0.9448564693594859,0.8880140236904858,COMPLETE
152,152,2.9067726228510344,2024-09-29 01:55:24.636588,2024-09-29 01:55:27.155561,0 days 00:00:02.518973,0.9790657221260806,0.8576157034813859,COMPLETE
153,153,2.8626137270706624,2024-09-29 01:55:27.156546,2024-09-29 01:55:29.578567,0 days 00:00:02.422021,0.9249278553976711,0.6683008039849355,COMPLETE
154,154,2.906703000176556,2024-09-29 01:55:29.579650,2024-09-29 01:55:31.989934,0 days 00:00:02.410284,0.9513733149262842,0.9009302522947015,COMPLETE
155,155,2.8933659184875475,2024-09-29 01:55:31.990941,2024-09-29 01:55:34.445028,0 days 00:00:02.454087,0.9091402888501035,0.8376394506909772,COMPLETE
156,156,2.887619648944288,2024-09-29 01:55:34.446042,2024-09-29 01:55:37.106965,0 days 00:00:02.660923,0.9678426573514578,0.9535944530034344,COMPLETE
157,157,2.894855070440002,2024-09-29 01:55:37.107935,2024-09-29 01:55:39.555821,0 days 00:00:02.447886,0.8514870691512724,0.8745520341245642,COMPLETE
158,158,2.8179967221925475,2024-09-29 01:55:39.556800,2024-09-29 01:55:42.622293,0 days 00:00:03.065493,0.28233752854034305,0.9225859130998769,COMPLETE
159,159,2.894896165454931,2024-09-29 01:55:42.623272,2024-09-29 01:55:45.056163,0 days 00:00:02.432891,0.9304622939619454,0.8170597909139188,COMPLETE
160,160,2.6133711346458486,2024-09-29 01:55:45.057220,2024-09-29 01:55:47.860939,0 days 00:00:02.803719,0.8804521181305344,0.3307015170914569,COMPLETE
161,161,2.9086450729132047,2024-09-29 01:55:47.862126,2024-09-29 01:55:50.457399,0 days 00:00:02.595273,0.8892344015877905,0.9155438083286939,COMPLETE
162,162,2.9006122895037953,2024-09-29 01:55:50.458312,2024-09-29 01:55:52.986432,0 days 00:00:02.528120,0.9063367246413051,0.8934591351169002,COMPLETE
163,163,2.888764013671098,2024-09-29 01:55:52.987467,2024-09-29 01:55:55.437433,0 days 00:00:02.449966,0.8277014479846642,0.9160222716329198,COMPLETE
164,164,2.9045891426466115,2024-09-29 01:55:55.438419,2024-09-29 01:55:57.895571,0 days 00:00:02.457152,0.9982769766579103,0.8535774250624126,COMPLETE
165,165,2.8952336869557413,2024-09-29 01:55:57.896651,2024-09-29 01:56:00.280520,0 days 00:00:02.383869,0.9438127727169707,0.8811224686665285,COMPLETE
166,166,2.904897731629291,2024-09-29 01:56:00.281724,2024-09-29 01:56:02.877516,0 days 00:00:02.595792,0.7909072956431813,0.9318746813860102,COMPLETE
167,167,2.9013496843829736,2024-09-29 01:56:02.878451,2024-09-29 01:56:05.384033,0 days 00:00:02.505582,0.8673018482328348,0.9046819522773812,COMPLETE
168,168,2.8676408845559185,2024-09-29 01:56:05.385109,2024-09-29 01:56:08.052210,0 days 00:00:02.667101,0.8922888916369354,0.9760138858258347,COMPLETE
169,169,2.90469014460233,2024-09-29 01:56:08.053298,2024-09-29 01:56:10.518129,0 days 00:00:02.464831,0.9639860059418024,0.8677056780394444,COMPLETE
170,170,2.8695206919537837,2024-09-29 01:56:10.519222,2024-09-29 01:56:13.172697,0 days 00:00:02.653475,0.9235118967973954,0.9512785342370637,COMPLETE
171,171,2.7456865874690433,2024-09-29 01:56:13.173619,2024-09-29 01:56:16.534441,0 days 00:00:03.360822,0.18337976577452386,0.9204211521571405,COMPLETE
172,172,2.9033293782641256,2024-09-29 01:56:16.535487,2024-09-29 01:56:19.135341,0 days 00:00:02.599854,0.8735652505641087,0.8972107027504861,COMPLETE
173,173,2.8861345769529283,2024-09-29 01:56:19.136357,2024-09-29 01:56:21.654577,0 days 00:00:02.518220,0.8908693455478596,0.9380515304207755,COMPLETE
174,174,2.909594499151073,2024-09-29 01:56:21.655669,2024-09-29 01:56:24.086895,0 days 00:00:02.431226,0.8559262475809533,0.8819928061938834,COMPLETE
175,175,2.892539156947264,2024-09-29 01:56:24.087893,2024-09-29 01:56:26.490704,0 days 00:00:02.402811,0.8485644968940679,0.851187216568525,COMPLETE
176,176,2.913358716213868,2024-09-29 01:56:26.491637,2024-09-29 01:56:28.892539,0 days 00:00:02.400902,0.8232461281957584,0.8818672738829344,COMPLETE
177,177,2.8969055305325453,2024-09-29 01:56:28.893607,2024-09-29 01:56:31.376207,0 days 00:00:02.482600,0.8195774758477872,0.8729490823250039,COMPLETE
178,178,2.8821528468743285,2024-09-29 01:56:31.377248,2024-09-29 01:56:33.850894,0 days 00:00:02.473646,0.8326956364421426,0.8338662939798307,COMPLETE
179,179,1.9291579718903764,2024-09-29 01:56:33.851857,2024-09-29 01:56:37.717706,0 days 00:00:03.865849,0.7833538091801765,0.11055459822928332,COMPLETE
180,180,2.8976576366908673,2024-09-29 01:56:37.718677,2024-09-29 01:56:40.206712,0 days 00:00:02.488035,0.85759917787501,0.8852774791612384,COMPLETE
181,181,2.9110511805677315,2024-09-29 01:56:40.207881,2024-09-29 01:56:42.611387,0 days 00:00:02.403506,0.9461013502972663,0.9043802676002607,COMPLETE
182,182,2.891366687875975,2024-09-29 01:56:42.612472,2024-09-29 01:56:45.128765,0 days 00:00:02.516293,0.9091256001344007,0.912626555771057,COMPLETE
183,183,2.9094355289168656,2024-09-29 01:56:45.129671,2024-09-29 01:56:47.505602,0 days 00:00:02.375931,0.9814956966421462,0.8619440654331657,COMPLETE
184,184,2.894183609779055,2024-09-29 01:56:47.506610,2024-09-29 01:56:49.991661,0 days 00:00:02.485051,0.9682077957219457,0.867623066664137,COMPLETE
185,185,2.906247963278756,2024-09-29 01:56:49.992767,2024-09-29 01:56:52.447154,0 days 00:00:02.454387,0.9848250877157357,0.8492226974860685,COMPLETE
186,186,2.890995889883775,2024-09-29 01:56:52.448104,2024-09-29 01:56:54.961591,0 days 00:00:02.513487,0.9388598060211728,0.8240765670666303,COMPLETE
187,187,2.905678685097056,2024-09-29 01:56:54.962559,2024-09-29 01:56:57.406283,0 days 00:00:02.443724,0.9840228232131727,0.8911581188472724,COMPLETE
188,188,2.902368753882683,2024-09-29 01:56:57.407296,2024-09-29 01:56:59.842681,0 days 00:00:02.435385,0.9557268295137621,0.8780780707515623,COMPLETE
189,189,2.892033249100452,2024-09-29 01:56:59.843672,2024-09-29 01:57:02.337730,0 days 00:00:02.494058,0.9265884617704478,0.8532053744561966,COMPLETE
190,190,2.8779605917124584,2024-09-29 01:57:02.338851,2024-09-29 01:57:04.989501,0 days 00:00:02.650650,0.975195047208955,0.9024878747580062,COMPLETE
191,191,2.900051685324431,2024-09-29 01:57:04.990418,2024-09-29 01:57:07.502313,0 days 00:00:02.511895,0.8394478868649794,0.9106547930461086,COMPLETE
192,192,2.909811441078358,2024-09-29 01:57:07.503347,2024-09-29 01:57:09.892836,0 days 00:00:02.389489,0.8757770314820803,0.8651875988488671,COMPLETE
193,193,2.840165044105951,2024-09-29 01:57:09.893749,2024-09-29 01:57:12.544110,0 days 00:00:02.650361,0.4365499461152202,0.8017502511508996,COMPLETE
194,194,2.8777932675694373,2024-09-29 01:57:12.545392,2024-09-29 01:57:14.993201,0 days 00:00:02.447809,0.90598552881319,0.8649892045744044,COMPLETE
195,195,2.9020299043035482,2024-09-29 01:57:14.994286,2024-09-29 01:57:17.423994,0 days 00:00:02.429708,0.8835466998288273,0.8395758865475139,COMPLETE
196,196,2.892354466989988,2024-09-29 01:57:17.425069,2024-09-29 01:57:19.813252,0 days 00:00:02.388183,0.9382869694357086,0.8808122013320103,COMPLETE
197,197,2.9095908033576636,2024-09-29 01:57:19.814239,2024-09-29 01:57:22.204368,0 days 00:00:02.390129,0.9153242781169688,0.8917369574945494,COMPLETE
198,198,2.9041424989505495,2024-09-29 01:57:22.205298,2024-09-29 01:57:24.739400,0 days 00:00:02.534102,0.9123030411580217,0.9279535808794686,COMPLETE
199,199,2.9112621443160984,2024-09-29 01:57:24.740423,2024-09-29 01:57:27.204557,0 days 00:00:02.464134,0.8701384945149284,0.892066016004799,COMPLETE
200,200,2.901800276199363,2024-09-29 01:57:27.205550,2024-09-29 01:57:29.658445,0 days 00:00:02.452895,0.8672283104270732,0.9015350645036544,COMPLETE
201,201,2.8945959097221015,2024-09-29 01:57:29.659431,2024-09-29 01:57:32.082923,0 days 00:00:02.423492,0.8837303209756574,0.8869689712614581,COMPLETE
202,202,2.8981764830543497,2024-09-29 01:57:32.083841,2024-09-29 01:57:34.668067,0 days 00:00:02.584226,0.8046580137060915,0.9422914154217001,COMPLETE
203,203,2.8984597811706725,2024-09-29 01:57:34.669027,2024-09-29 01:57:37.217298,0 days 00:00:02.548271,0.8625907613258734,0.8658893824866395,COMPLETE
204,204,2.9130096297668167,2024-09-29 01:57:37.218231,2024-09-29 01:57:39.727520,0 days 00:00:02.509289,0.8939096859514198,0.9153596466952629,COMPLETE
205,205,2.9028209812779493,2024-09-29 01:57:39.728435,2024-09-29 01:57:42.224594,0 days 00:00:02.496159,0.8952707381924215,0.8884542845793654,COMPLETE
206,206,2.8978464586549095,2024-09-29 01:57:42.225562,2024-09-29 01:57:44.679475,0 days 00:00:02.453913,0.871091326073342,0.8529220160867709,COMPLETE
207,207,2.891232400477435,2024-09-29 01:57:44.680541,2024-09-29 01:57:47.134867,0 days 00:00:02.454326,0.9106021445950983,0.9105885534145146,COMPLETE
208,208,2.9069224313249795,2024-09-29 01:57:47.135885,2024-09-29 01:57:49.519589,0 days 00:00:02.383704,0.8249691694275935,0.8880445570405433,COMPLETE
209,209,2.881828223901412,2024-09-29 01:57:49.520509,2024-09-29 01:57:52.052364,0 days 00:00:02.531855,0.8494833720908428,0.8383234125180992,COMPLETE
210,210,2.892205327716517,2024-09-29 01:57:52.053380,2024-09-29 01:57:54.612498,0 days 00:00:02.559118,0.8911724923956965,0.9287844517953155,COMPLETE
211,211,2.9089096219933217,2024-09-29 01:57:54.613464,2024-09-29 01:57:57.052473,0 days 00:00:02.439009,0.952241250340394,0.9131790959833439,COMPLETE
212,212,2.9042409785076386,2024-09-29 01:57:57.053561,2024-09-29 01:57:59.494225,0 days 00:00:02.440664,0.9493752353114715,0.9014077215456544,COMPLETE
213,213,2.9026322126491237,2024-09-29 01:57:59.495169,2024-09-29 01:58:01.935953,0 days 00:00:02.440784,0.9265439243309446,0.873423250210017,COMPLETE
214,214,2.850762398804645,2024-09-29 01:58:01.936909,2024-09-29 01:58:04.760323,0 days 00:00:02.823414,0.371088002335123,0.9169336553190206,COMPLETE
215,215,2.9110509063446415,2024-09-29 01:58:04.761316,2024-09-29 01:58:07.199057,0 days 00:00:02.437741,0.9607181803198817,0.895698440437413,COMPLETE
216,216,2.8714836807496615,2024-09-29 01:58:07.199999,2024-09-29 01:58:09.937559,0 days 00:00:02.737560,0.9647285940315146,0.9590214167430284,COMPLETE
217,217,2.8871516744354735,2024-09-29 01:58:09.938532,2024-09-29 01:58:12.399145,0 days 00:00:02.460613,0.9242168447176183,0.942418495202092,COMPLETE
218,218,2.8952962261519106,2024-09-29 01:58:12.400116,2024-09-29 01:58:14.839226,0 days 00:00:02.439110,0.8942930547253901,0.8949936691068342,COMPLETE
219,219,2.9085345580691335,2024-09-29 01:58:14.840227,2024-09-29 01:58:17.240839,0 days 00:00:02.400612,0.9423591983393932,0.8595963103274447,COMPLETE
220,220,2.90051519038514,2024-09-29 01:58:17.241925,2024-09-29 01:58:19.579245,0 days 00:00:02.337320,0.9448338557522078,0.8617058086627942,COMPLETE
221,221,2.8890875231651,2024-09-29 01:58:19.580530,2024-09-29 01:58:22.121916,0 days 00:00:02.541386,0.9639101010335697,0.901928907523298,COMPLETE
222,222,2.9045885999076306,2024-09-29 01:58:22.122939,2024-09-29 01:58:24.564232,0 days 00:00:02.441293,0.915088485932518,0.8810675879108162,COMPLETE
223,223,2.894572546392764,2024-09-29 01:58:24.565200,2024-09-29 01:58:27.089332,0 days 00:00:02.524132,0.9988680933773064,0.9214836192598493,COMPLETE
224,224,2.9128593788845536,2024-09-29 01:58:27.090277,2024-09-29 01:58:29.418024,0 days 00:00:02.327747,0.940112269810959,0.8642396754920625,COMPLETE
225,225,2.915576450919291,2024-09-29 01:58:29.418935,2024-09-29 01:58:31.894578,0 days 00:00:02.475643,0.9367803109902213,0.8508287585115427,COMPLETE
226,226,2.892955345426224,2024-09-29 01:58:31.895516,2024-09-29 01:58:34.374000,0 days 00:00:02.478484,0.9362265754110348,0.819947363417794,COMPLETE
227,227,2.90564194175363,2024-09-29 01:58:34.375082,2024-09-29 01:58:36.928540,0 days 00:00:02.553458,0.9562051779775577,0.8448471480548588,COMPLETE
228,228,2.913393568001363,2024-09-29 01:58:36.929580,2024-09-29 01:58:39.414483,0 days 00:00:02.484903,0.9387848409317318,0.8574203470033122,COMPLETE
229,229,2.893929293619893,2024-09-29 01:58:39.415805,2024-09-29 01:58:41.822007,0 days 00:00:02.406202,0.9779695110844534,0.8274759197571386,COMPLETE
230,230,2.9075706294291765,2024-09-29 01:58:41.822964,2024-09-29 01:58:44.288666,0 days 00:00:02.465702,0.9201763646053632,0.862389247316339,COMPLETE
231,231,2.887470754802406,2024-09-29 01:58:44.289715,2024-09-29 01:58:46.705471,0 days 00:00:02.415756,0.9440393581767386,0.8549862843924453,COMPLETE
232,232,2.9016595430121104,2024-09-29 01:58:46.706403,2024-09-29 01:58:49.097860,0 days 00:00:02.391457,0.9630777229340135,0.8665162337455481,COMPLETE
233,233,2.9052235788677025,2024-09-29 01:58:49.098992,2024-09-29 01:58:51.581242,0 days 00:00:02.482250,0.9280566077897552,0.8833272778893797,COMPLETE
234,234,2.9018258800066024,2024-09-29 01:58:51.582472,2024-09-29 01:58:53.951160,0 days 00:00:02.368688,0.9080415666502195,0.8407958123726871,COMPLETE
235,235,2.903873724969306,2024-09-29 01:58:53.952177,2024-09-29 01:58:56.378028,0 days 00:00:02.425851,0.9493393206716286,0.8552633013607427,COMPLETE
236,236,2.8915088907132915,2024-09-29 01:58:56.379158,2024-09-29 01:58:58.794884,0 days 00:00:02.415726,0.9791671580447937,0.8986702314039062,COMPLETE
237,237,2.90016424182392,2024-09-29 01:58:58.795791,2024-09-29 01:59:01.281798,0 days 00:00:02.486007,0.938881902979288,0.8790983035316793,COMPLETE
238,238,2.902776796926496,2024-09-29 01:59:01.282763,2024-09-29 01:59:03.737594,0 days 00:00:02.454831,0.9021604566001735,0.8311871852023964,COMPLETE
239,239,2.897964042367567,2024-09-29 01:59:03.738568,2024-09-29 01:59:06.215260,0 days 00:00:02.476692,0.9661816104439446,0.8692752044095676,COMPLETE
240,240,2.908613244723968,2024-09-29 01:59:06.216190,2024-09-29 01:59:08.758675,0 days 00:00:02.542485,0.9192108274145124,0.9102460189939559,COMPLETE
241,241,2.9097308766372225,2024-09-29 01:59:08.759741,2024-09-29 01:59:11.223077,0 days 00:00:02.463336,0.9229160391257466,0.9106840305924113,COMPLETE
242,242,2.896667353375558,2024-09-29 01:59:11.224085,2024-09-29 01:59:13.684036,0 days 00:00:02.459951,0.9162292764591267,0.9140028392104531,COMPLETE
243,243,2.8943096146320846,2024-09-29 01:59:13.684961,2024-09-29 01:59:16.147342,0 days 00:00:02.462381,0.8771805828572812,0.900391005962859,COMPLETE
244,244,2.9055232939143503,2024-09-29 01:59:16.148464,2024-09-29 01:59:18.701860,0 days 00:00:02.553396,0.8974947063902149,0.9261177408730148,COMPLETE
245,245,2.9040066816553622,2024-09-29 01:59:18.702917,2024-09-29 01:59:21.215389,0 days 00:00:02.512472,0.9235493081831366,0.8951494831999746,COMPLETE
246,246,2.880610414584808,2024-09-29 01:59:21.216449,2024-09-29 01:59:23.674340,0 days 00:00:02.457891,0.8845528343014715,0.9385263435334749,COMPLETE
247,247,2.9075309136182605,2024-09-29 01:59:23.675290,2024-09-29 01:59:26.060480,0 days 00:00:02.385190,0.9350611620517258,0.8848134780277637,COMPLETE
248,248,2.379605606240793,2024-09-29 01:59:26.061575,2024-09-29 01:59:30.482087,0 days 00:00:04.420512,0.08189948389934532,0.595894799026058,COMPLETE
249,249,2.902540599572553,2024-09-29 01:59:30.483094,2024-09-29 01:59:33.008494,0 days 00:00:02.525400,0.9074718925872652,0.913847096983144,COMPLETE
250,250,2.9099564464479193,2024-09-29 01:59:33.009414,2024-09-29 01:59:35.546387,0 days 00:00:02.536973,0.9619642347825201,0.8793294556758879,COMPLETE
251,251,2.9022677296601818,2024-09-29 01:59:35.547365,2024-09-29 01:59:37.941900,0 days 00:00:02.394535,0.9812065948092071,0.8777889836038266,COMPLETE
252,252,2.9071087808134797,2024-09-29 01:59:37.942917,2024-09-29 01:59:40.416394,0 days 00:00:02.473477,0.9606252051503851,0.8926660836682663,COMPLETE
253,253,2.8875224946816767,2024-09-29 01:59:40.417474,2024-09-29 01:59:42.937118,0 days 00:00:02.519644,0.9541619490645956,0.849554010683039,COMPLETE
254,254,2.906287439280634,2024-09-29 01:59:42.938211,2024-09-29 01:59:45.365587,0 days 00:00:02.427376,0.9913111502484278,0.8703575673580695,COMPLETE
255,255,2.898100306394842,2024-09-29 01:59:45.366669,2024-09-29 01:59:47.887750,0 days 00:00:02.521081,0.9676064840217907,0.8945931579425342,COMPLETE
256,256,2.90083600897801,2024-09-29 01:59:47.888724,2024-09-29 01:59:50.374784,0 days 00:00:02.486060,0.9350378324052957,0.9314160180217922,COMPLETE
257,257,2.7324453155660056,2024-09-29 01:59:50.375823,2024-09-29 01:59:53.106175,0 days 00:00:02.730352,0.5379004288347579,0.4479609643100634,COMPLETE
258,258,2.898873275675524,2024-09-29 01:59:53.107258,2024-09-29 01:59:55.615535,0 days 00:00:02.508277,0.869982615950843,0.8741170649914186,COMPLETE
259,259,2.893060908250892,2024-09-29 01:59:55.616507,2024-09-29 01:59:57.976577,0 days 00:00:02.360070,0.8959983225267975,0.8436509791449838,COMPLETE
260,260,2.897213744901138,2024-09-29 01:59:57.977687,2024-09-29 02:00:00.546655,0 days 00:00:02.568968,0.9465620570870165,0.91054728666737,COMPLETE
261,261,2.8809493529719736,2024-09-29 02:00:00.547846,2024-09-29 02:00:03.077563,0 days 00:00:02.529717,0.6192505589261086,0.8872218514327678,COMPLETE
262,262,2.900157582499445,2024-09-29 02:00:03.078552,2024-09-29 02:00:05.568862,0 days 00:00:02.490310,0.9792853176263635,0.8568147613563825,COMPLETE
263,263,2.905935688045554,2024-09-29 02:00:05.569957,2024-09-29 02:00:07.911688,0 days 00:00:02.341731,0.9272526271665917,0.8156196281247359,COMPLETE
264,264,2.9059744768588067,2024-09-29 02:00:07.912583,2024-09-29 02:00:10.462787,0 days 00:00:02.550204,0.9564593963685932,0.910268523765186,COMPLETE
265,265,2.9031703601866727,2024-09-29 02:00:10.463914,2024-09-29 02:00:12.911100,0 days 00:00:02.447186,0.8884542496873883,0.8681486181362511,COMPLETE
266,266,2.892184134751128,2024-09-29 02:00:12.912047,2024-09-29 02:00:16.038734,0 days 00:00:03.126687,0.9066272211858074,0.9537790643543645,COMPLETE
267,267,2.8883003089132324,2024-09-29 02:00:16.040386,2024-09-29 02:00:18.690629,0 days 00:00:02.650243,0.9938808467894493,0.7871225132008057,COMPLETE
268,268,2.9038921734096235,2024-09-29 02:00:18.691593,2024-09-29 02:00:21.219525,0 days 00:00:02.527932,0.9387568689012792,0.8889462151308821,COMPLETE
269,269,2.8944651901836584,2024-09-29 02:00:21.220535,2024-09-29 02:00:23.632937,0 days 00:00:02.412402,0.8649136459762511,0.8392791430603783,COMPLETE
270,270,2.88867915306817,2024-09-29 02:00:23.633979,2024-09-29 02:00:26.133843,0 days 00:00:02.499864,0.9624386917964898,0.8714847118300022,COMPLETE
271,271,2.890292964103216,2024-09-29 02:00:26.134844,2024-09-29 02:00:28.683959,0 days 00:00:02.549115,0.9172399157391944,0.9255375759744061,COMPLETE
272,272,2.89339268961748,2024-09-29 02:00:28.684994,2024-09-29 02:00:31.125713,0 days 00:00:02.440719,0.8814924378922377,0.8993203139732963,COMPLETE
273,273,2.885545525817653,2024-09-29 02:00:31.127046,2024-09-29 02:00:33.648004,0 days 00:00:02.520958,0.9742760437869881,0.9362706484257786,COMPLETE
274,274,2.8921332623388962,2024-09-29 02:00:33.649039,2024-09-29 02:00:36.045792,0 days 00:00:02.396753,0.9428291983470017,0.8560539580180441,COMPLETE
275,275,2.9007559686233315,2024-09-29 02:00:36.046819,2024-09-29 02:00:38.445213,0 days 00:00:02.398394,0.9250033326013084,0.8827983259344712,COMPLETE
276,276,2.7899450163943595,2024-09-29 02:00:38.446232,2024-09-29 02:00:41.009712,0 days 00:00:02.563480,0.9993834771826721,0.5023521543744067,COMPLETE
277,277,2.9027312247251422,2024-09-29 02:00:41.010711,2024-09-29 02:00:43.487414,0 days 00:00:02.476703,0.9046210360041855,0.9200368193539219,COMPLETE
278,278,2.8971493465088836,2024-09-29 02:00:43.488424,2024-09-29 02:00:45.937453,0 days 00:00:02.449029,0.8596569432273029,0.8269702667014565,COMPLETE
279,279,2.90573924330948,2024-09-29 02:00:45.938400,2024-09-29 02:00:48.305805,0 days 00:00:02.367405,0.9481567920218227,0.9016485625494234,COMPLETE
280,280,2.9002835678684447,2024-09-29 02:00:48.306819,2024-09-29 02:00:50.831345,0 days 00:00:02.524526,0.9657762686326066,0.8656766143418463,COMPLETE
281,281,2.911577298485165,2024-09-29 02:00:50.832330,2024-09-29 02:00:53.258185,0 days 00:00:02.425855,0.8951720950170904,0.8443761066131517,COMPLETE
282,282,2.8947027167487085,2024-09-29 02:00:53.259298,2024-09-29 02:00:55.628001,0 days 00:00:02.368703,0.9183375700193525,0.7960285186333712,COMPLETE
283,283,2.8944882631933617,2024-09-29 02:00:55.629049,2024-09-29 02:00:58.103574,0 days 00:00:02.474525,0.9336720569428759,0.8388029246940943,COMPLETE
284,284,2.9032481344222187,2024-09-29 02:00:58.104575,2024-09-29 02:01:00.529752,0 days 00:00:02.425177,0.8969800356582289,0.8149109385781147,COMPLETE
285,285,2.9026158283093983,2024-09-29 02:01:00.530840,2024-09-29 02:01:02.911238,0 days 00:00:02.380398,0.9548570640534247,0.8436679503665896,COMPLETE
286,286,2.9203500355809733,2024-09-29 02:01:02.912585,2024-09-29 02:01:05.360013,0 days 00:00:02.447428,0.8414187715610656,0.8616091421151508,COMPLETE
287,287,2.8960984672119414,2024-09-29 02:01:05.360964,2024-09-29 02:01:07.795185,0 days 00:00:02.434221,0.8453264357272324,0.8530345592555234,COMPLETE
288,288,2.9052655572331005,2024-09-29 02:01:07.796356,2024-09-29 02:01:10.278305,0 days 00:00:02.481949,0.8832306647304001,0.8714860430851633,COMPLETE
289,289,2.9002276943982293,2024-09-29 02:01:10.279292,2024-09-29 02:01:12.721733,0 days 00:00:02.442441,0.9814806747682744,0.8164028311657443,COMPLETE
290,290,2.841847371436038,2024-09-29 02:01:12.722852,2024-09-29 02:01:15.240567,0 days 00:00:02.517715,0.9118898079607995,0.6242390569590613,COMPLETE
291,291,2.9138125322701813,2024-09-29 02:01:15.241695,2024-09-29 02:01:17.676317,0 days 00:00:02.434622,0.9330360205331244,0.8572001761831821,COMPLETE
292,292,2.899805994717123,2024-09-29 02:01:17.677379,2024-09-29 02:01:20.177314,0 days 00:00:02.499935,0.8731270438292943,0.8327768100445351,COMPLETE
293,293,2.888475289603238,2024-09-29 02:01:20.178348,2024-09-29 02:01:22.604071,0 days 00:00:02.425723,0.9313990147495431,0.7716690495858441,COMPLETE
294,294,2.8854979331592885,2024-09-29 02:01:22.605017,2024-09-29 02:01:25.076074,0 days 00:00:02.471057,0.9048169137069362,0.865557860885415,COMPLETE
295,295,2.8979704053019915,2024-09-29 02:01:25.077047,2024-09-29 02:01:27.492822,0 days 00:00:02.415775,0.9307959421429134,0.8491909445284183,COMPLETE
296,296,2.8969274532212586,2024-09-29 02:01:27.493834,2024-09-29 02:01:30.003588,0 days 00:00:02.509754,0.8575787675384345,0.8838211127666522,COMPLETE
297,297,2.900454515471429,2024-09-29 02:01:30.004608,2024-09-29 02:01:32.428175,0 days 00:00:02.423567,0.9700901792865778,0.8290786125347526,COMPLETE
298,298,2.8958635991144233,2024-09-29 02:01:32.429141,2024-09-29 02:01:34.876745,0 days 00:00:02.447604,0.6669653908159289,0.8571402981498327,COMPLETE
299,299,2.906676399725072,2024-09-29 02:01:34.877999,2024-09-29 02:01:37.338936,0 days 00:00:02.460937,0.8943903186457562,0.879837836608209,COMPLETE
300,300,2.894374364133462,2024-09-29 02:01:37.339939,2024-09-29 02:01:39.739139,0 days 00:00:02.399200,0.9177104290839128,0.8898673333731406,COMPLETE
301,301,2.65990513090807,2024-09-29 02:01:39.740090,2024-09-29 02:01:42.404329,0 days 00:00:02.664239,0.8325239647987512,0.3588254149264576,COMPLETE
302,302,2.892693744996673,2024-09-29 02:01:42.405449,2024-09-29 02:01:44.817099,0 days 00:00:02.411650,0.9455987111637065,0.8512066411004499,COMPLETE
303,303,2.909057812392906,2024-09-29 02:01:44.818275,2024-09-29 02:01:47.242423,0 days 00:00:02.424148,0.8797235118497697,0.8681113647677715,COMPLETE
304,304,2.904198497799995,2024-09-29 02:01:47.243400,2024-09-29 02:01:49.647159,0 days 00:00:02.403759,0.97959844736678,0.8961152911761293,COMPLETE
305,305,2.893145153732281,2024-09-29 02:01:49.648172,2024-09-29 02:01:52.017127,0 days 00:00:02.368955,0.9558687634636771,0.8051827097826219,COMPLETE
306,306,2.8810199815384263,2024-09-29 02:01:52.018158,2024-09-29 02:01:54.407364,0 days 00:00:02.389206,0.9232508645462153,0.7091796908164081,COMPLETE
307,307,2.90891161230803,2024-09-29 02:01:54.408332,2024-09-29 02:01:56.862703,0 days 00:00:02.454371,0.8975154293447706,0.8356261693405128,COMPLETE
308,308,2.9016384161645403,2024-09-29 02:01:56.863750,2024-09-29 02:01:59.352226,0 days 00:00:02.488476,0.867666349431806,0.8758489316248187,COMPLETE
309,309,2.2761502983769364,2024-09-29 02:01:59.353369,2024-09-29 02:02:02.642049,0 days 00:00:03.288680,0.9278549319160847,0.18018185514366408,COMPLETE
310,310,2.9054015381294875,2024-09-29 02:02:02.643115,2024-09-29 02:02:05.083117,0 days 00:00:02.440002,0.9489026089403944,0.9013061265724164,COMPLETE
311,311,2.9063834728958677,2024-09-29 02:02:05.084061,2024-09-29 02:02:07.483304,0 days 00:00:02.399243,0.9709198246399241,0.8622578215052331,COMPLETE
312,312,2.888022587903288,2024-09-29 02:02:07.484361,2024-09-29 02:02:09.907396,0 days 00:00:02.423035,0.9082397562799599,0.8432387677483041,COMPLETE
313,313,2.892516907252472,2024-09-29 02:02:09.908335,2024-09-29 02:02:12.369991,0 days 00:00:02.461656,0.9946656319156252,0.8856580869331073,COMPLETE
314,314,2.9093088609860063,2024-09-29 02:02:12.370964,2024-09-29 02:02:14.785450,0 days 00:00:02.414486,0.8494225296885597,0.9039474211785868,COMPLETE
315,315,2.8944907811409935,2024-09-29 02:02:14.786469,2024-09-29 02:02:17.246896,0 days 00:00:02.460427,0.9383665442658597,0.8254451335459871,COMPLETE
316,316,2.897545191942849,2024-09-29 02:02:17.247801,2024-09-29 02:02:19.833602,0 days 00:00:02.585801,0.8814184814759972,0.9333312310276867,COMPLETE
317,317,2.8995235543734457,2024-09-29 02:02:19.834640,2024-09-29 02:02:22.258436,0 days 00:00:02.423796,0.9081920460543177,0.8682561646153392,COMPLETE
318,318,2.897248180984803,2024-09-29 02:02:22.259418,2024-09-29 02:02:24.661992,0 days 00:00:02.402574,0.8158727266018881,0.8528462480108429,COMPLETE
319,319,2.910300070049183,2024-09-29 02:02:24.662976,2024-09-29 02:02:27.120286,0 days 00:00:02.457310,0.9585214429211389,0.888306558643251,COMPLETE
320,320,2.899863733540935,2024-09-29 02:02:27.121273,2024-09-29 02:02:29.574094,0 days 00:00:02.452821,0.9348935824256601,0.9143303072865268,COMPLETE
321,321,2.905897935596129,2024-09-29 02:02:29.575075,2024-09-29 02:02:32.042583,0 days 00:00:02.467508,0.9555348371994387,0.9636122651628758,COMPLETE
322,322,2.8925077568711473,2024-09-29 02:02:32.043722,2024-09-29 02:02:34.493705,0 days 00:00:02.449983,0.9171890937894809,0.8918055808683483,COMPLETE
323,323,2.919579723092906,2024-09-29 02:02:34.494703,2024-09-29 02:02:36.961761,0 days 00:00:02.467058,0.8865204628124003,0.9218069360676967,COMPLETE
324,324,2.8950128912233657,2024-09-29 02:02:36.962775,2024-09-29 02:02:39.507106,0 days 00:00:02.544331,0.8592629905952957,0.9358197644737289,COMPLETE
325,325,2.909374140209273,2024-09-29 02:02:39.508251,2024-09-29 02:02:42.043378,0 days 00:00:02.535127,0.8844033931242168,0.9212646781322065,COMPLETE
326,326,2.743765757806719,2024-09-29 02:02:42.044371,2024-09-29 02:02:45.061002,0 days 00:00:03.016631,0.328607026263692,0.5539921082241506,COMPLETE
327,327,2.8997458369868423,2024-09-29 02:02:45.062106,2024-09-29 02:02:47.687533,0 days 00:00:02.625427,0.8964416188578911,0.9428404618942552,COMPLETE
328,328,2.901255802396253,2024-09-29 02:02:47.688490,2024-09-29 02:02:50.131166,0 days 00:00:02.442676,0.8339782843846513,0.9068985989066406,COMPLETE
329,329,2.9083725118406885,2024-09-29 02:02:50.132177,2024-09-29 02:02:52.573102,0 days 00:00:02.440925,0.8701910893877239,0.8789843413283922,COMPLETE
330,330,2.8911282060867234,2024-09-29 02:02:52.574133,2024-09-29 02:02:55.099961,0 days 00:00:02.525828,0.8512554633589633,0.91409402739997,COMPLETE
331,331,2.914044918781489,2024-09-29 02:02:55.101126,2024-09-29 02:02:57.412259,0 days 00:00:02.311133,0.9415859602836415,0.8830039779693952,COMPLETE
332,332,0.6166098491597816,2024-09-29 02:02:57.413267,2024-09-29 02:03:03.242277,0 days 00:00:05.829010,0.9470785769102479,0.015606984859112105,COMPLETE
333,333,2.8062264546639013,2024-09-29 02:03:03.243323,2024-09-29 02:03:06.218648,0 days 00:00:02.975325,0.2463661045990596,0.9511451398323998,COMPLETE
334,334,2.9082359349146043,2024-09-29 02:03:06.220071,2024-09-29 02:03:08.627480,0 days 00:00:02.407409,0.967387709665101,0.8527082573033089,COMPLETE
335,335,2.887051608008451,2024-09-29 02:03:08.628451,2024-09-29 02:03:11.099459,0 days 00:00:02.471008,0.9331998671170557,0.8047043662281066,COMPLETE
336,336,2.89790185095855,2024-09-29 02:03:11.100544,2024-09-29 02:03:13.540853,0 days 00:00:02.440309,0.9573482654148523,0.8980918761986488,COMPLETE
337,337,2.898722454220391,2024-09-29 02:03:13.541858,2024-09-29 02:03:16.048987,0 days 00:00:02.507129,0.9301573464695083,0.8732705182437285,COMPLETE
338,338,2.9025588214791918,2024-09-29 02:03:16.050024,2024-09-29 02:03:18.498025,0 days 00:00:02.448001,0.9048647842995954,0.9219142641530673,COMPLETE
339,339,2.908068103978509,2024-09-29 02:03:18.499172,2024-09-29 02:03:20.958809,0 days 00:00:02.459637,0.974814643103486,0.8415366180591732,COMPLETE
340,340,2.8980934560772584,2024-09-29 02:03:20.959838,2024-09-29 02:03:23.435731,0 days 00:00:02.475893,0.9406963792649267,0.8923376799874907,COMPLETE
341,341,2.881183392136451,2024-09-29 02:03:23.436857,2024-09-29 02:03:26.022852,0 days 00:00:02.585995,0.9194035183370157,0.9704355146224224,COMPLETE
342,342,2.8912194106512827,2024-09-29 02:03:26.024171,2024-09-29 02:03:28.495084,0 days 00:00:02.470913,0.9597795837910846,0.8716598987732317,COMPLETE
343,343,2.9129582107626946,2024-09-29 02:03:28.496097,2024-09-29 02:03:30.872670,0 days 00:00:02.376573,0.8951876018030981,0.8309588725589729,COMPLETE
344,344,2.8904042827259593,2024-09-29 02:03:30.873713,2024-09-29 02:03:33.259122,0 days 00:00:02.385409,0.8926956401648956,0.8205672718506687,COMPLETE
345,345,2.9080599636885256,2024-09-29 02:03:33.260121,2024-09-29 02:03:35.719711,0 days 00:00:02.459590,0.8746690492799152,0.8336179714161648,COMPLETE
346,346,2.9084599072223325,2024-09-29 02:03:35.720743,2024-09-29 02:03:38.174016,0 days 00:00:02.453273,0.9982491654037903,0.8562832742899043,COMPLETE
347,347,2.8679368755958823,2024-09-29 02:03:38.175173,2024-09-29 02:03:40.809791,0 days 00:00:02.634618,0.5736074614489448,0.7898447473309793,COMPLETE
348,348,2.8927464184566705,2024-09-29 02:03:40.810787,2024-09-29 02:03:43.367453,0 days 00:00:02.556666,0.7012471147766084,0.8221677425880272,COMPLETE
349,349,2.8956992213788726,2024-09-29 02:03:43.368446,2024-09-29 02:03:45.776194,0 days 00:00:02.407748,0.9014669539504477,0.8473710476441619,COMPLETE
350,350,2.897976243035966,2024-09-29 02:03:45.777675,2024-09-29 02:03:48.116315,0 days 00:00:02.338640,0.944941313888588,0.8813701320156748,COMPLETE
351,351,2.897436302260836,2024-09-29 02:03:48.117873,2024-09-29 02:03:50.591196,0 days 00:00:02.473323,0.9780753750578364,0.8604522265011971,COMPLETE
352,352,2.898830523517391,2024-09-29 02:03:50.592368,2024-09-29 02:03:53.054827,0 days 00:00:02.462459,0.888234740336765,0.8777941717362874,COMPLETE
353,353,2.9011773672090095,2024-09-29 02:03:53.055960,2024-09-29 02:03:55.556388,0 days 00:00:02.500428,0.9150401365874238,0.8398231704731131,COMPLETE
354,354,2.8975624784021847,2024-09-29 02:03:55.557430,2024-09-29 02:03:57.935809,0 days 00:00:02.378379,0.9524158392499126,0.8916869051337492,COMPLETE
355,355,2.9086573002986578,2024-09-29 02:03:57.936831,2024-09-29 02:04:00.380666,0 days 00:00:02.443835,0.9260932627581563,0.8608605642828651,COMPLETE
356,356,2.9002172526778103,2024-09-29 02:04:00.381764,2024-09-29 02:04:02.854201,0 days 00:00:02.472437,0.9757713402959561,0.901658266954328,COMPLETE
357,357,2.8856360339398974,2024-09-29 02:04:02.855235,2024-09-29 02:04:05.568992,0 days 00:00:02.713757,0.8803455492313745,0.926593434240037,COMPLETE
358,358,2.918116801955516,2024-09-29 02:04:05.570162,2024-09-29 02:04:08.116183,0 days 00:00:02.546021,0.9004995731785091,0.8754254646340236,COMPLETE
359,359,2.9175060882897386,2024-09-29 02:04:08.117337,2024-09-29 02:04:10.546296,0 days 00:00:02.428959,0.9095332059983992,0.8854524993564294,COMPLETE
360,360,2.8276955988965278,2024-09-29 02:04:10.547308,2024-09-29 02:04:13.519189,0 days 00:00:02.971881,0.9006263796282151,0.9994664482463094,COMPLETE
361,361,2.8919478984124476,2024-09-29 02:04:13.520570,2024-09-29 02:04:15.979288,0 days 00:00:02.458718,0.910410068504133,0.9086991324466603,COMPLETE
362,362,2.513892559751871,2024-09-29 02:04:15.980344,2024-09-29 02:04:18.977420,0 days 00:00:02.997076,0.9305166873473862,0.26733216075980176,COMPLETE
363,363,2.901612223115429,2024-09-29 02:04:18.978494,2024-09-29 02:04:21.438407,0 days 00:00:02.459913,0.8968513752505556,0.8193866133490086,COMPLETE
364,364,2.8944725627610723,2024-09-29 02:04:21.439553,2024-09-29 02:04:23.915122,0 days 00:00:02.475569,0.9148078157809527,0.8858069000371083,COMPLETE
365,365,2.8697943566826862,2024-09-29 02:04:23.916164,2024-09-29 02:04:26.263019,0 days 00:00:02.346855,0.9374098079196952,0.6783770253422468,COMPLETE
366,366,2.8914848050912973,2024-09-29 02:04:26.264132,2024-09-29 02:04:28.738637,0 days 00:00:02.474505,0.8685384754817198,0.9397753066908561,COMPLETE
367,367,2.8929711820621224,2024-09-29 02:04:28.739686,2024-09-29 02:04:31.099187,0 days 00:00:02.359501,0.8979928639901434,0.8430246145833237,COMPLETE
368,368,2.861596398780181,2024-09-29 02:04:31.100333,2024-09-29 02:04:33.550304,0 days 00:00:02.449971,0.9409645119608643,0.6463121315663541,COMPLETE
369,369,2.9046580806297224,2024-09-29 02:04:33.551293,2024-09-29 02:04:36.014228,0 days 00:00:02.462935,0.9184574445277075,0.8653619983195548,COMPLETE
370,370,2.9105303554905126,2024-09-29 02:04:36.015258,2024-09-29 02:04:38.503251,0 days 00:00:02.487993,0.8838486877564339,0.9015656583184893,COMPLETE
371,371,2.909535311108356,2024-09-29 02:04:38.504543,2024-09-29 02:04:40.932054,0 days 00:00:02.427511,0.8444600196862648,0.9224187561241101,COMPLETE
372,372,2.8515945651407515,2024-09-29 02:04:40.933170,2024-09-29 02:04:43.618792,0 days 00:00:02.685622,0.4569553853112194,0.8029571405466608,COMPLETE
373,373,2.8942942780325995,2024-09-29 02:04:43.619896,2024-09-29 02:04:46.083816,0 days 00:00:02.463920,0.8782116524257102,0.907243803268953,COMPLETE
374,374,2.8990575688219717,2024-09-29 02:04:46.084854,2024-09-29 02:04:48.627279,0 days 00:00:02.542425,0.8597450035782374,0.9454045733241031,COMPLETE
375,375,2.9041797659463033,2024-09-29 02:04:48.628366,2024-09-29 02:04:51.058558,0 days 00:00:02.430192,0.8849251123336971,0.873487241748901,COMPLETE
376,376,2.8933592988100107,2024-09-29 02:04:51.059690,2024-09-29 02:04:53.454611,0 days 00:00:02.394921,0.906200186605285,0.8959043296346714,COMPLETE
377,377,2.899337616804414,2024-09-29 02:04:53.455613,2024-09-29 02:04:55.837177,0 days 00:00:02.381564,0.8833446648539588,0.8495772520600674,COMPLETE
378,378,2.9027879980002256,2024-09-29 02:04:55.838235,2024-09-29 02:04:58.409388,0 days 00:00:02.571153,0.8622802807199274,0.9272517332312102,COMPLETE
379,379,2.9119980522256075,2024-09-29 02:04:58.410370,2024-09-29 02:05:00.833380,0 days 00:00:02.423010,0.8981370032507205,0.9032808848427196,COMPLETE
380,380,2.89866642889939,2024-09-29 02:05:00.834501,2024-09-29 02:05:03.272736,0 days 00:00:02.438235,0.9165896674908353,0.8331183331919704,COMPLETE
381,381,1.3547941658068632,2024-09-29 02:05:03.273821,2024-09-29 02:05:08.180958,0 days 00:00:04.907137,0.9315186155261592,0.050797032691623334,COMPLETE
382,382,2.8831406126323427,2024-09-29 02:05:08.182055,2024-09-29 02:05:10.610734,0 days 00:00:02.428679,0.8994593270680441,0.736166605150837,COMPLETE
383,383,2.9110616357762273,2024-09-29 02:05:10.611821,2024-09-29 02:05:13.031321,0 days 00:00:02.419500,0.9240585563204612,0.8669062014550952,COMPLETE
384,384,2.890724423269968,2024-09-29 02:05:13.032323,2024-09-29 02:05:15.526623,0 days 00:00:02.494300,0.9113219621718575,0.8583738208135705,COMPLETE
385,385,2.9000214063866867,2024-09-29 02:05:15.527632,2024-09-29 02:05:18.089896,0 days 00:00:02.562264,0.8991298425398044,0.8193432730813395,COMPLETE
386,386,2.899839098692867,2024-09-29 02:05:18.090935,2024-09-29 02:05:20.591049,0 days 00:00:02.500114,0.9269817469983654,0.870073715570532,COMPLETE
387,387,2.8972641121033282,2024-09-29 02:05:20.592113,2024-09-29 02:05:23.025323,0 days 00:00:02.433210,0.8417273934940234,0.839691037436043,COMPLETE
388,388,2.895365853408989,2024-09-29 02:05:23.026347,2024-09-29 02:05:25.463913,0 days 00:00:02.437566,0.8719210443906793,0.8795569673453627,COMPLETE
389,389,2.9075796246268317,2024-09-29 02:05:25.464913,2024-09-29 02:05:27.840922,0 days 00:00:02.376009,0.9389376816815703,0.853213605064102,COMPLETE
390,390,2.9045221061093742,2024-09-29 02:05:27.842131,2024-09-29 02:05:30.306669,0 days 00:00:02.464538,0.9003527177135139,0.8805067232809408,COMPLETE
391,391,2.9018561806326066,2024-09-29 02:05:30.307754,2024-09-29 02:05:32.712275,0 days 00:00:02.404521,0.9206103049860994,0.9166791179915247,COMPLETE
392,392,2.894206483634855,2024-09-29 02:05:32.713339,2024-09-29 02:05:35.159463,0 days 00:00:02.446124,0.8216568933525381,0.7717506835966728,COMPLETE
393,393,2.910079431653543,2024-09-29 02:05:35.160479,2024-09-29 02:05:37.542744,0 days 00:00:02.382265,0.8860916754911533,0.86310862243413,COMPLETE
394,394,2.9103573553643964,2024-09-29 02:05:37.543924,2024-09-29 02:05:40.075330,0 days 00:00:02.531406,0.9454272982364617,0.8954175755495853,COMPLETE
395,395,2.8770142756787314,2024-09-29 02:05:40.076320,2024-09-29 02:05:42.672740,0 days 00:00:02.596420,0.517739429044226,0.8483155738772384,COMPLETE
396,396,2.9063697119152283,2024-09-29 02:05:42.674014,2024-09-29 02:05:45.092067,0 days 00:00:02.418053,0.9123489200095681,0.8048894083845822,COMPLETE
397,397,2.8794517274434837,2024-09-29 02:05:45.093242,2024-09-29 02:05:47.724164,0 days 00:00:02.630922,0.8539687189692864,0.9588587107494199,COMPLETE
398,398,2.8941442764441305,2024-09-29 02:05:47.725432,2024-09-29 02:05:50.233954,0 days 00:00:02.508522,0.9312396811666105,0.9085464807086048,COMPLETE
399,399,2.1127945466802607,2024-09-29 02:05:50.235167,2024-09-29 02:05:55.845317,0 days 00:00:05.610150,0.03030265150225936,0.8759918392567445,COMPLETE
